旧名,新名,处理方式,备注
一,一,一致,
一个工作,,删除,比对报告「完全找不到」，不迁移
一个职事,一个职事,一致,
一个身体,一个身体,一致,
一切正面事物的实际,一切正面事物的实际,一致,
一同,一同,一致,
一城一会,,删除,比对报告「完全找不到」，不迁移
一的立场,一的立场,一致,
一道流,一道流,一致,
一里事奉,,删除,比对报告「完全找不到」，不迁移
七倍加强的灵,,删除,比对报告「完全找不到」，不迁移
七灵,七灵,一致,
万有,万有,一致,
万有归一于一个元首之下,万有归一于一个元首之下,一致,
万民,万民,一致,
丈夫,丈夫,一致,
三一神,三一神,一致,
三一神的启示,三一神的启示,一致,
三一神的属性,三一神的属性,一致,
三一神的身位,三一神的身位,一致,
三部分的人,三部分的人,一致,
不住地祷告,不住地祷告,一致,
不再是我乃是基督,不再是我乃是基督,一致,
不爱世界,不爱世界,一致,
不销灭那灵,不销灭那灵,一致,
与主交通,与主交通,一致,
与主是一,与主是一,一致,
与基督一同作王,,删除,比对报告「完全找不到」，不迁移
与基督同死,与基督同死,一致,
与基督联合,与基督联合,一致,
与神合作,与神合作,一致,
与神同在,与神同在,一致,
与神同行,与神同行,一致,
与神和好,与神和好,一致,
与神是一,与神是一,一致,
与职事是一,与职事是一,一致,
世代,世代,一致,
世代的终结,世代的终结,一致,
世界,世界,一致,
世界局势,世界局势,一致,
丧失魂,丧失魂,一致,
个人,个人,一致,
个人主义,个人主义,一致,
个性,个性,一致,
中保,中保,一致,
中心,中心,一致,
中心异象,中心的异象,改名,比对报告「同义但说法不同」
丰富,丰富,一致,
丰富供应的节,丰富供应的节,一致,
丰满,丰满,一致,
主,主,一致,
主宰,主宰,一致,
主宰权柄,主宰的权柄,改名,比对报告「同义但说法不同」
主恢复的四大支柱,主恢复的四大支柱,一致,
主恢复的性质,主恢复的性质,一致,
主恢复的道路,主恢复的道路,一致,
主的工作,主的工作,一致,
主的恢复,主的恢复,一致,
主的筵席,主的筵席,一致,
主的行动,主的行动,一致,
主的话,主的话,一致,
主观的经历,主观的经历,一致,
义,义,一致,
习惯,习惯,一致,
书信,书信,一致,
了结已往,了结已往,一致,
了结旧造,了结旧造,一致,
事奉,事奉,一致,
事奉主,事奉主,一致,
交出来,交出来,一致,
交通,交通,一致,
产生,产生,一致,
产生召会,召会的产生,改名,比对报告「同义但说法不同」
产生得胜者,产生得胜者,一致,比对报告「完全找不到」表中的名称，与某个括号词条拆出的名字相同，按规则视为按名直接对应
产生新造,产生新造,一致,
产生男孩子,产生男孩子,一致,比对报告「同义」表的新名是带括号词条「产生男孩子（产生得胜者）」，拆开后与旧名同名，按规则视为按名直接对应
享受,享受,一致,
享受主,享受主,一致,
享受基督,享受基督,一致,
享受神,享受神,一致,
人,人,一致,
人人尽功用,,删除,比对报告「完全找不到」，不迁移
人子,人子,一致,
人性,人性,一致,
人成为神,人成为神,一致,
人的灵,人的灵,一致,
人的破碎,人的破碎,一致,
人的身体,人的身体,一致,
人的魂,,删除,比对报告「完全找不到」，不迁移
仆人,仆人,一致,
仇敌,仇敌,一致,
付代价,付代价,一致,
代求,代求,一致,
代祷,代祷,一致,
代表,代表,一致,
代表的权柄,代表的权柄,一致,
代表神,代表神,一致,
众圣徒的分,众圣徒的分,一致,
传扬,传扬,一致,
传福音,传扬福音,改名,比对报告「同义但说法不同」
传输,传输,一致,
住,住,一致,
住在主里面,住在主里面,一致,
住在基督里,住在基督里,一致,
住处,住处,一致,
作出新耶路撒冷,作出新耶路撒冷,一致,
作奴仆,作奴仆,一致,
作工,作工,一致,
作成救恩,作成救恩,一致,
作榜样,,删除,比对报告「完全找不到」，不迁移
作王,作王,一致,
作见证,作见证,一致,
使徒,使徒,一致,
使徒的教训,使徒的教训,一致,
供应,供应,一致,
供应基督,供应基督,一致,
供应生命,生命的供应,改名,比对报告「同义但说法不同」
供物,,删除,比对报告「完全找不到」，不迁移
保守,保守,一致,
保守那灵的一,保守那灵的一,一致,
信,信,一致,
信仰,信仰,一致,
信仰上的一,信仰上的一,一致,
信徒,信徒,一致,
信徒的信,信徒的信,一致,
信徒的将来,信徒的将来,一致,
信徒的已往,信徒的已往,一致,
信徒的现在,信徒的现在,一致,
信徒的象征,信徒的象征,一致,
信徒的身份,信徒的身分,改名,比对报告「同义但说法不同」
信心,信心,一致,
信心的生活,信心的生活,一致,
信爱望,,删除,比对报告「完全找不到」，不迁移
信而顺服,信而顺服,一致,
信靠,信靠,一致,
修补的职事,修补的职事,一致,
健康,健康,一致,
健康的教训,健康的教训,一致,
偶像,偶像,一致,
儆醒,儆醒,一致,
儿女,儿女,一致,
儿子,儿子,一致,
儿子名分,儿子名分,一致,
儿童工作,儿童工作,一致,
元素,元素,一致,
元首,元首,一致,
元首权柄,元首的权柄,改名,比对报告「同义但说法不同」
充满,充满,一致,
光,光,一致,
全体,全体,一致,
全副的军装,全副的军装,一致,
全备的供应,全备的供应,一致,
全备的救恩,,删除,比对报告「完全找不到」，不迁移
全时间者,全时间,改名,比对报告「同义但说法不同」
全般的恩典,,删除,比对报告「完全找不到」，不迁移
公义,公义,一致,
关系,关系,一致,
内住,内住,一致,
内住的基督,内住的基督,一致,
内在,内在,一致,
内在的建造,内在的建造,一致,
内在的意义,内在意义,改名,比对报告「同义但说法不同」
内在素质,内在的素质,改名,比对报告「同义但说法不同」
内容,内容,一致,
内里,内里,一致,
内里生命,内里生命,一致,
军队,军队,一致,
凡事谢恩,凡事感谢,改名,比对报告「同义但说法不同」
出生,出生,一致,
分别,分别,一致,
分裂,分裂,一致,
分赐生命,生命的分赐,改名,比对报告「同义但说法不同」
分辨,分辨,一致,
创世以前,创世以前,一致,
创造,创造,一致,
初熟的果子,初熟的果子,一致,
功用,功用,一致,
加强,加强,一致,
加强时期,加强时期,一致,
劳苦,劳苦,一致,
包罗万有的一,包罗万有的一,一致,
包罗万有的基督,包罗万有的基督,一致,
包罗万有的灵,包罗万有的灵,一致,
医治,医治,一致,
十字架,十字架,一致,
千年国,千年国,一致,
升天,,删除,比对报告「完全找不到」，不迁移
升天的地位,,删除,比对报告「完全找不到」，不迁移
历史,历史,一致,
原则,原则,一致,
反对,反对,一致,
发展,发展,一致,
受对付,受对付,一致,
受浸,,删除,比对报告「完全找不到」，不迁移
受膏,受膏,一致,
受苦,受苦,一致,
受限制,,删除,比对报告「完全找不到」，不迁移
变化,变化,一致,
叩门,叩门,一致,
召会,召会,一致,
召会作生活,召会作生活,一致,
召会生活,召会生活,一致,
召会的事奉,召会的事奉,一致,
召会的历史,召会的历史,一致,
召会的合一,,删除,比对报告「完全找不到」，不迁移
召会的堕落,召会的堕落,一致,
召会的奥秘,召会的奥秘,一致,
召会的实际,召会的实际,一致,
召会的建造,召会的建造,一致,
召会的异象,召会的异象,一致,
召会的扩增,召会的扩增,一致,
召会的立场,召会的立场,一致,
召会的繁增,召会的繁增,一致,
召会的组织,召会的组织,一致,
召会的预言与预表,召会的预言与预表,一致,
吃,吃,一致,
吃基督,吃基督,一致,
吃耶稣,吃主,改名,比对报告「同义但说法不同」
合一,合一,一致,
合乎圣经的聚会与事奉之路,合乎圣经的聚会与事奉之路,一致,
合作,合作,一致,
合并,合并,一致,
同享,同享,一致,
同伙,同伙,一致,
同伴,同伴,一致,
同在,同在,一致,
同工,同工,一致,
同工与长老,同工与长老,一致,
同心合意,同心合意,一致,
同被建造,同被建造,一致,
同钉,同钉,一致,
后裔,后裔,一致,
吗哪,吗哪,一致,
君王职分,君王职分,一致,
否认,否认,一致,
否认己,否认己,一致,
启示,启示,一致,
呼召,呼召,一致,
呼吸,呼吸,一致,
呼求主名,呼求主名,一致,
和平,和平,一致,
哈米吉顿,哈米吉顿,一致,
唱诗,唱诗,一致,
喂养,喂养,一致,
喂养人,,删除,比对报告「完全找不到」，不迁移
善行,,删除,比对报告「完全找不到」，不迁移
喜乐,喜乐,一致,
喝,喝,一致,
喝那灵,喝那灵,一致,
器皿,器皿,一致,
四活物,四活物,一致,
回到灵里,回到灵里,一致,
因信称义,因信称义,一致,
团体,团体,一致,
团体的器皿,团体的器皿,一致,
团体的基督,团体的基督,一致,
团体的彰显,团体的彰显,一致,
团体的战士,团体的战士,一致,
团体的神人,团体的神人,一致,
团体神人生活,团体神人生活,一致,
国度,国度,一致,
国度子民,国度子民,一致,
国度时代,国度时代,一致,
国度的外表,国度的外表,一致,
国度的奥秘,国度的奥秘,一致,
国度的实现,国度的实现,一致,
国度的实际,国度的实际,一致,
国度的生活,国度的生活,一致,
国度的福音,国度的福音,一致,
图画,,删除,比对报告「完全找不到」，不迁移
圣别,圣别,一致,
圣别的生活,圣别的生活,一致,
圣所,圣所,一致,
圣殿,圣殿,一致,
圣灵,圣灵,一致,
圣灵的启示,圣灵的启示,一致,
圣灵的工作,圣灵的工作,一致,
圣灵的引导,圣灵的引导,一致,
圣灵的水流,圣灵的水流,一致,
圣灵的管治,圣灵的管治,一致,
圣灵里的浸,圣灵的浸,改名,比对报告「同义但说法不同」
圣经,圣经,一致,
圣经中的图画,圣经中的图画,一致,
圣经中的比喻,圣经中的比喻,一致,
圣经中的表号,圣经中的表号,一致,
圣经中的表征,圣经中的表征,一致,
圣经中的象征,圣经中的象征,一致,
圣经中的预表,圣经中的预表,一致,
圣经中的预言,圣经中的预言,一致,
圣经的心脏,圣经的心脏,一致,
圣经的核仁,圣经的核仁,一致,
圣经要道,圣经要道,一致,
圣言,圣言,一致,
在亚当里,在亚当里,一致,
在基督里,在基督里,一致,
在灵里,在灵里,一致,
在爱里,在爱里,一致,
在父的名里,,删除,比对报告「完全找不到」，不迁移
在父的荣耀里,,删除,比对报告「完全找不到」，不迁移
在父的话里,,删除,比对报告「完全找不到」，不迁移
在生命中作王,在生命中作王,一致,
在生命里得救,在生命里得救,一致,
在耶稣身上是实际者,在耶稣身上是实际者,一致,
地,地,一致,
地位,地位,一致,
地方召会,地方召会,一致,
地方的立场,地方的立场,一致,
地狱,地狱,一致,比对报告「同义」表的新名是带括号词条「火湖（地狱）」，拆开后与旧名同名，按规则视为按名直接对应
坚定持续,坚定持续,一致,
基督,基督,一致,
基督与召会,基督与召会,一致,
基督与宗教相对,基督与宗教相对,一致,
基督丰满的职事,基督丰满的职事,一致,
基督丰满身材的度量,基督丰满身材的度量,一致,
基督作一切,基督是一切,改名,比对报告「同义但说法不同」
基督作人位,基督作人位,一致,
基督作救主,基督作救主,一致,
基督作生命,基督作生命,一致,
基督徒,基督徒,一致,
基督徒生活,基督徒的生活,改名,比对报告「同义但说法不同」
基督是实际,基督是实际,一致,
基督是生命,基督是生命,一致,
基督是道路,基督是道路,一致,
基督是那灵,基督是那灵,一致,
基督生机的牧养,基督生机的牧养,一致,
基督生机的身体,基督生机的身体,一致,
基督的三个时期,基督的三个时期,一致,
基督的中心与普及,基督的中心与普及,一致,
基督的丰富,基督的丰富,一致,
基督的丰满,基督的丰满,一致,
基督的为人生活,基督的为人生活,一致,
基督的人性,基督的人性,一致,
基督的再来,基督的再来,一致,
基督的十字架,基督的十字架,一致,
基督的升天,基督的升天,一致,
基督的复制,基督的复制,一致,
基督的复活,基督的复活,一致,
基督的奥秘,基督的奥秘,一致,
基督的安家,基督的安家,一致,
基督的工作,基督的工作,一致,
基督的彰显,基督的彰显,一致,
基督的得胜,基督的得胜,一致,
基督的得荣,基督的得荣,一致,
基督的扩增,基督的扩增,一致,
基督的来临,基督的来临,一致,
基督的死,基督的死,一致,
基督的灵,基督的灵,一致,
基督的生命,基督的生命,一致,
基督的神性,基督的神性,一致,
基督的繁殖,繁殖,改名,比对报告「同义但说法不同」
基督的职事,基督的职事,一致,
基督的身位,基督的身位,一致,
基督的身体,基督的身体,一致,
基督的预言,基督的预言,一致,
基督身体的构成,基督身体的构成,一致,
堕落,堕落,一致,
复兴,复兴,一致,
复兴的律,复兴的律,一致,
复合的灵,复合的灵,一致,
复活,复活,一致,
复活的基督,复活的基督,一致,
复活的大能,复活的大能,一致,
外面的人,外面的人,一致,
够用的恩典,够用的恩典,一致,
大专,校园工作,改名,比对报告「同义但说法不同」
大灾难,大灾难,一致,
大祭司,大祭司,一致,
大能,大能,一致,
天上,天上,一致,
天上的职事,基督天上的职事,改名,比对报告「同义但说法不同」
天使,天使,一致,
天然,天然,一致,
天然的生命,天然的生命,一致,
奉献,奉献,一致,
奖赏,奖赏,一致,
奥秘,奥秘,一致,
女人,女人,一致,比对报告「完全找不到」表中的名称，与某个括号词条拆出的名字相同，按规则视为按名直接对应
好行为,,删除,比对报告「完全找不到」，不迁移
妇人,妇人,一致,比对报告「同义」表的新名是带括号词条「妇人（女人）」，拆开后与旧名同名，按规则视为按名直接对应
姊妹,姊妹,一致,
婚姻,婚姻,一致,
子,子,一致,
子化,子化,一致,
子孙,子孙,一致,
子的分赐,子的分赐,一致,
学习,学习,一致,
学功课,功课,改名,比对报告「同义但说法不同」
宇宙,宇宙,一致,
宇宙的召会,宇宙的召会,一致,
安家,,删除,比对报告「完全找不到」，不迁移
安息,安息,一致,
安息日,安息日,一致,
安慰,安慰,一致,
完全,完全,一致,
完全的救恩,完全的救恩,一致,
完成,完成,一致,
完成的职事,保罗的完成职事,改名,比对报告「同义但说法不同」
完整,完整,一致,
完满,完满,一致,
宗教,宗教,一致,
宗派,宗派,一致,
定罪,定罪,一致,
宝座,宝座,一致,
宝石,宝石,一致,
宝贵,宝贵,一致,
实行,实行,一致,
实际,实际,一致,
实际的,实际的,一致,
实际的灵,实际的灵,一致,
审判,审判,一致,
宣扬,宣扬,一致,
宪法,宪法,一致,
家中聚会,家中聚会,一致,
家庭,家庭,一致,
家聚会,家聚会,一致,
对付,对付,一致,
对付世界,对付世界,一致,
对付天然,对付天然,一致,
对付己,对付己,一致,
对付灵,对付灵,一致,
对付罪,对付罪,一致,
对付良心,对付良心,一致,
寻求,寻求,一致,
将万事看作亏损,将万事看作亏损,一致,
尽功用,尽功用,一致,
居首位,居首位,一致,
居首位的基督,,删除,比对报告「完全找不到」，不迁移
属天的管治,属天的管治,一致,
属性,属性,一致,
属灵人,属灵人,一致,
属灵的争战,属灵的争战,一致,
属灵的判定,属灵的判定,一致,
属灵的实际,属灵的实际,一致,
属灵的操练,属灵的操练,一致,
属灵的渴慕,属灵的渴慕,一致,
属灵的经历,属灵的经历,一致,
山上的样式,山上的样式,一致,
工人,工人,一致,
工作,工作,一致,
己,己,一致,
巴比伦,巴比伦,一致,
帐幕,帐幕,一致,
带领,带领,一致,
常存的果子,常存的果子,一致,
平安,平安,一致,
平安祭,平安祭,一致,
平息,平息,一致,
平衡,平衡,一致,
应用,应用,一致,
应许,应许,一致,
应验,应验,一致,
延展无限,延展无限,一致,
建立,建立,一致,
建造,建造,一致,
建造方舟,建造方舟,一致,
建造神的家,神家的建造,改名,比对报告「同义但说法不同」
开展,开展,一致,
异端,异端,一致,
异象,异象,一致,
异象的高峰,异象的高峰,一致,
引导,引导,一致,
弟兄,弟兄,一致,
弟兄相爱,弟兄相爱,一致,
形像,形像,一致,
彰显,彰显,一致,
彼此,彼此,一致,
彼此互相的聚会,彼此互相的聚会,一致,
彼此相爱,彼此相爱,一致,
征服,征服,一致,
律,律,一致,
律法,律法,一致,
律法时代,律法时代,一致,
得救,得救,一致,
得救的证实,得救的证实,一致,
得胜,得胜,一致,
得胜有余,得胜有余,一致,
得胜的生命,得胜的生命,一致,
得胜的生活,得胜的生活,一致,
得胜者,得胜者,一致,
得荣,得荣,一致,
得释放,释放,改名,比对报告「同义但说法不同」
心,心,一致,
心思,心思,一致,
心思置于灵,心思置于灵,一致,
心愿,心愿,一致,
忍耐,忍耐,一致,
忠信,忠信,一致,
忧虑,忧虑,一致,比对报告「同义」表的新名是带括号词条「挂虑（忧虑）」，拆开后与旧名同名，按规则视为按名直接对应
态度,态度,一致,
怜悯,怜悯,一致,
思念,思念,一致,
思想,思想,一致,
性情,性情,一致,
性格,性格,一致,
性质,性质,一致,
总括时期,总括时期,一致,
恢复本圣经,恢复本圣经,一致,
恩典,恩典,一致,
恩典时代,恩典时代,一致,
恩典的福音,恩典的福音,一致,
恩赐,恩赐,一致,
悔改,悔改,一致,
情感,情感,一致,
情绪,情绪,一致,
惩治,惩治,一致,
惩罚,,删除,比对报告「完全找不到」，不迁移
意义,意义,一致,
意志,意志,一致,
感觉,感觉,一致,
成为一灵,成为一灵,一致,
成为新耶路撒冷,成为新耶路撒冷,一致,
成为肉体,成肉体,改名,比对报告「同义但说法不同」
成为赐生命的灵,成为赐生命的灵,一致,
成全圣徒,成全圣徒,一致,
成分,成分,一致,
成就,成就,一致,
成肉体时期,成肉体时期,一致,
成肉体的原则,成肉体的原则,一致,
战士,战士,一致,
打那美好的仗,打那美好的仗,一致,
托付,托付,一致,
执事,执事,一致,
执行,执行,一致,
扩大,扩大,一致,比对报告「同义」表的新名是带括号词条「扩大（显大）」，拆开后与旧名同名，按规则视为按名直接对应
扩展,扩展,一致,比对报告「同义」表的新名是带括号词条「扩增（扩展）」，拆开后与旧名同名，按规则视为按名直接对应
承受,承受,一致,
承受神的国,承受神的国,一致,
拿细耳人,拿细耳人,一致,
持守,持守,一致,
持定元首,持定元首,一致,
挂虑,挂虑,一致,比对报告「完全找不到」表中的名称，与某个括号词条拆出的名字相同，按规则视为按名直接对应
按着神牧养,按着神牧养,一致,
掌权,掌权,一致,
排,排,一致,
排聚会,,删除,比对报告「完全找不到」，不迁移
接受,接受,一致,
接枝,接枝,一致,
接纳信徒,接纳信徒,一致,
接触主,接触主,一致,
接触人,接触人,一致,
推广真理,推广真理,一致,
撒但,撒但,一致,
撒但的国,,删除,比对报告「完全找不到」，不迁移
撒但的混乱,撒但的混乱,一致,
撒但的背叛,撒但的背叛,一致,
撒种,撒种,一致,
操练,操练,一致,
操练灵,操练灵,一致,
擘饼聚会,擘饼,改名,比对报告「同义但说法不同」
改变形状,改变形状,一致,
敌基督,敌基督,一致,
救主,救主,一致,
救恩,救恩,一致,
救恩的头盔,救恩的头盔,一致,
教导,教导,一致,
教育,教育,一致,
教训,教训,一致,
敬拜,敬拜,一致,
敬虔,敬虔,一致,
文化,文化,一致,
文字,文字,一致,
新人,新人,一致,
新人的感觉,新人的感觉,一致,
新天新地,新天新地,一致,
新妇,新妇,一致,
新孩子,新孩子,一致,
新的复兴,新的复兴,一致,
新约,新约,一致,
新约的执事,新约的执事,一致,
新约的职事,新约的职事,一致,
新耶路撒冷,新耶路撒冷,一致,
新路,新路,一致,
新造,新造,一致,
新郎,新郎,一致,
新酒,新酒,一致,
新陈代谢,新陈代谢,一致,
方舟,方舟,一致,
日常生活,日常生活,一致,
日日得胜,日日得胜,一致,
旧人,旧人,一致,
旧约,旧约,一致,
旧约的预表,旧约的预表,一致,
旧造,旧造,一致,
旨意,旨意,一致,
时代,时代,一致,
时代的异象,时代的异象,一致,
时代的职事,时代的职事,一致,
时期,时期,一致,
明白神的旨意,明白神的旨意,一致,
星,星,一致,
是一,是一,一致,
是灵的基督,是灵的基督,一致,
显大,显大,一致,比对报告「完全找不到」表中的名称，与某个括号词条拆出的名字相同，按规则视为按名直接对应
显现,显现,一致,
晨晨复兴,晨晨复兴,一致,比对报告「同义」表的新名是带括号词条「晨晨复兴（晨兴）」，拆开后与旧名同名，按规则视为按名直接对应
智慧,智慧,一致,
更新,更新,一致,
最高的享受,,删除,比对报告「完全找不到」，不迁移
服事,服事,一致,
服事者,服事者,一致,
望,望,一致,
望断以及于耶稣,望断以及于耶稣,一致,
末后的亚当,末后的亚当,一致,
权柄,权柄,一致,
材料,材料,一致,
条件,条件,一致,
条例,条例,一致,
杰作,神的杰作,改名,比对报告「同义但说法不同」
杰出的复活,杰出的复活,一致,
极大的奥秘,极大的奥秘,一致,
构成,构成,一致,
构成在我们里面,,删除,比对报告「完全找不到」，不迁移
果子,果子,一致,
果效,果效,一致,
枝子,枝子,一致,
柱子,柱子,一致,
标准,标准,一致,
标出为神的儿子,标出,改名,比对报告「同义但说法不同」
校园,校园,一致,
根基,根基,一致,
栽种,栽种,一致,
榜样,榜样,一致,
模型,模型,一致,
模成,模成,一致,
模成基督的死,模成基督的死,一致,
模成神儿子的形像,模成神儿子的形像,一致,
正确,正确,一致,
正确的人,正确的人,一致,
死,死,一致,
死而复活,死而复活,一致,
殉道,殉道,一致,
殷勤,殷勤,一致,
水,水,一致,
永世的对耦,,删除,比对报告「完全找不到」，不迁移
永远的生命,永远的生命,一致,
永远的经纶,永远的经纶,一致,
治死,治死,一致,
治理,治理,一致,
法前时代,法前时代,一致,
法理的救赎,法理的救赎,一致,
洁净,洁净,一致,
洋溢之恩,,删除,比对报告「完全找不到」，不迁移
洗净,洗净,一致,
洗罪,洗罪,一致,
洗脚,洗脚,一致,
活出,活出,一致,
活出新耶路撒冷,活出新耶路撒冷,一致,
活力,活力,一致,
活力排,活力排,一致,
活在灵中,活在灵中,一致,
活基督,活基督,一致,
活水,活水,一致,
活的人位,活的人位,一致,
活石,活石,一致,
浸,浸,一致,
涌流,涌流,一致,
涌流的神,涌流的三一神,改名,比对报告「同义但说法不同」
清明的天,清明的天,一致,
渐进,渐进,一致,
渴望,渴望,一致,
源头,源头,一致,
满足,满足,一致,
火,火,一致,
火湖,火湖,一致,比对报告「完全找不到」表中的名称，与某个括号词条拆出的名字相同，按规则视为按名直接对应
灯台,灯台,一致,
灵,灵,一致,
灵的交通,灵的交通,一致,
灵的出来,灵的出来,一致,
灵的分赐,灵的分赐,一致,
灵的新样,灵的新样,一致,
灵里火热,灵里火热,一致,
焚烧,焚烧,一致,
照着灵而活,照着灵而活,一致,
照着灵而行,照着灵而行,一致,
照耀,照耀,一致,
照顾,照顾,一致,
燔祭,燔祭,一致,
燔祭坛,,删除,比对报告「完全找不到」，不迁移
爱,爱,一致,
爱主,爱主,一致,
爱弟兄,爱弟兄,一致,
爱有效能,爱有效能,一致,
爱神,爱神,一致,
父,父,一致,
父、子、灵,,删除,比对报告「完全找不到」，不迁移
父的分赐,父的分赐,一致,
父的家,父的家,一致,
父的拣选,拣选,改名,比对报告「同义但说法不同」
牧人,牧人,一致,
牧养,牧养,一致,
犯罪,犯罪,一致,
独一,独一,一致,
独一的一,独一的一,一致,
独一的工作,独一的工作,一致,
独一的彰显,独一的彰显,一致,
独一的见证,独一的见证,一致,
献上,献上,一致,
王,王,一致,
环境,环境,一致,
现有的真理,现有的真理,一致,
珍珠门,珍珠门,一致,
珍赏,珍赏,一致,
瓦器,瓦器,一致,
生命,生命,一致,
生命与建造,生命与建造,一致,
生命之灵的律,生命之灵的律,一致,
生命树,生命树,一致,
生命水,生命水,一致,
生命的交通,生命的交通,一致,
生命的光,生命的光,一致,
生命的变化,生命的变化,一致,
生命的律,生命的律,一致,
生命的感觉,生命的感觉,一致,
生命的成熟,生命成熟,改名,比对报告「同义但说法不同」
生命的拯救,生命的拯救,一致,
生命的救恩,生命的救恩,一致,
生命的流,生命的流,一致,
生命的粮,生命的粮,一致,
生命的经历,生命的经历,一致,
生命的职事,生命的职事,一致,
生命的认识,生命的认识,一致,
生命的话,生命的话,一致,
生命的路,生命的路,一致,
生命的长大,生命的长大,一致,
生命线,生命线,一致,
生命读经,生命读经,一致,
生机,生机,一致,
生机体,生机体,一致,
生机的建造,生机的建造,一致,
生机的救恩,生机的救恩,一致,
生机的联结,生机的联结,一致,
生活,生活,一致,
生长,生长,一致,
申言,申言,一致,
申言者,申言者,一致,
男孩子,男孩子,一致,
登宝座,登宝座,一致,
百姓,百姓,一致,
监督,监督,一致,
目标,目标,一致,
目的,目的,一致,
相互的住处,相互的住处,一致,
相调,相调,一致,
盼望,,删除,比对报告「完全找不到」，不迁移
看见,看见,一致,
看见身体,看见身体,一致,
真实,真实,一致,
真正的一,真正的一,一致,
真理,真理,一致,
真理的恢复,真理的恢复,一致,
真理的柱石和根基,真理的柱石和根基,一致,
真葡萄树,真葡萄树,一致,
知识,知识,一致,
知识树,善恶知识树,改名,比对报告「同义但说法不同」
石头,石头,一致,
矿物,矿物,一致,
研读,研读,一致,
磐石,磐石,一致,
神,神,一致,
神人,神人,一致,
神人生活,神人的生活,改名,比对报告「同义但说法不同」
神人调和,神人调和,一致,
神今日的行动,神今日的行动,一致,
神命定之路,神命定的路,改名,比对报告「同义但说法不同」
神圣三一,神圣三一,一致,
神圣启示的中心路线,神圣启示的中心路线,一致,
神圣启示的高峰,神圣启示的高峰,一致,
神圣奥秘的范围,神圣奥秘的范围,一致,
神圣的光,神圣的光,一致,
神圣的分赐,神圣的分赐,一致,
神圣的启示,神圣的启示,一致,
神圣的生命,神圣的生命,一致,
神圣的迁移,神圣的迁移,一致,
神完整的救恩,神完整的救恩,一致,
神建造到我们里面,神建造到我们里面,一致,
神性,神性,一致,
神性与人性的调和,神性与人性的调和,一致,
神成为人,神成为人,一致,
神新约的经纶,神新约的经纶,一致,
神爱世人,神爱世人,一致,
神的丰满,神的丰满,一致,
神的义,神的义,一致,
神的儿女,神的儿女,一致,
神的儿子,神的儿子,一致,
神的分赐,神的分赐,一致,
神的创造,,删除,比对报告「完全找不到」，不迁移
神的同在,神的同在,一致,
神的同工,神的同工,一致,
神的喜悦,神的喜悦,一致,
神的国,神的国,一致,
神的圣别,神的圣别,一致,
神的奥秘,神的奥秘,一致,
神的子民,神的子民,一致,
神的定旨,神的定旨,一致,
神的家,神的家,一致,
神的居所,神的居所,一致,
神的工作,神的工作,一致,
神的建造,神的建造,一致,
神的引导,神的引导,一致,
神的形像,神的形像,一致,
神的彰显,神的彰显,一致,
神的心意,神的心意,一致,
神的怜悯,神的怜悯,一致,
神的性情,神的性情,一致,
神的救恩,神的救恩,一致,
神的旨意,神的旨意,一致,
神的权柄,神的权柄,一致,
神的权益,神的权益,一致,
神的殿,神的殿,一致,
神的灵,神的灵,一致,
神的爱,神的爱,一致,
神的生命,神的生命,一致,
神的祝福,祝福,改名,比对报告「同义但说法不同」
神的福音,神的福音,一致,
神的管理,神的管理,一致,
神的经纶,神的经纶,一致,
神的经营,神的经营,一致,
神的羔羊,神的羔羊,一致,
神的荣耀,神的荣耀,一致,
神的行动,神的行动,一致,
神的行政,神的行政,一致,
神的见证,神的见证,一致,
神的计划,神的计划,一致,
神的话,神的话,一致,
神经纶的奥秘,神经纶的奥秘,一致,
神经纶的异象,神经纶的异象,一致,
祭,祭,一致,
祭司,祭司,一致,
祭司体系,祭司的体系,改名,比对报告「同义但说法不同」
祭司职分,祭司职分,一致,
祭坛,祭坛,一致,
祭物,祭物,一致,
祷告,祷告,一致,
祷告的人,祷告的人,一致,
祷告的生活,祷告的生活,一致,
祷告的职事,祷告的职事,一致,
祷读主话,祷读主话,一致,
禁食,禁食,一致,
福分,福分,一致,
福音,福音,一致,
福音祭司,福音祭司,一致,
禧年,禧年,一致,
种子,种子,一致,
秘诀,秘诀,一致,
称义,称义,一致,
称许,称许,一致,
移民,移民,一致,
穿上新人,穿上新人,一致,
立场,立场,一致,
立约,立约,一致,
童女,童女,一致,
竭力,竭力,一致,
等次,等次,一致,
管制的原则,管制的原则,一致,
管制的异象,管制的异象,一致,
管家,管家,一致,
管家职分,管家职分,一致,
管教,管教,一致,
管理,管理,一致,
粮,粮,一致,
素祭,素祭,一致,
素质的三一,素质的三一,一致,
素质的灵,素质的灵,一致,
紧紧跟随,紧紧跟随,一致,
约柜,约柜,一致,
终极完成,终极完成,一致,
终极完成的灵,终极完成的灵,一致,
经历,经历,一致,
经历基督,经历基督,一致,
经历神,经历神,一致,
经纶,经纶,一致,
经纶的三一,经纶的三一,一致,
经纶的灵,经纶的灵,一致,
经过过程,经过过程,一致,
经过过程的三一神,经过过程的三一神,一致,
结晶,结晶,一致,
结晶意义,结晶意义,一致,
结构,结构,一致,
结果,结果,一致,
结果子,结果子,一致,
绝对,绝对,一致,
维持,维持,一致,
编组成军,编组成军,一致,
罗曼史,罗曼史,一致,
罪,罪,一致,
罪人,罪人,一致,
罪性,罪性,一致,
罪行,罪行,一致,
羊,羊,一致,
美地,美地,一致,
美德,美德,一致,
羔羊的妻,羔羊的妻,一致,
羔羊的婚筵,羔羊的婚筵,一致,
羡慕,羡慕,一致,
群羊,群羊,一致,
老底嘉,老底嘉,一致,
耶和华,耶和华,一致,
耶稣的灵,耶稣的灵,一致,
耶稣的血,耶稣的血,一致,
耶稣的见证,耶稣的见证,一致,
职事,职事,一致,
职事的工作,职事的工作,一致,
职任,职任,一致,
职分,职分,一致,
联结,联结,一致,
聚会,聚会,一致,
肉体,肉体,一致,
肢体,肢体,一致,
背十字架,背十字架,一致,
背叛,背叛,一致,
胜过不冷不热,,删除,比对报告「完全找不到」，不迁移
胜过分裂,,删除,比对报告「完全找不到」，不迁移
胜过撒但,胜过撒但,一致,
胜过死亡,胜过死亡,一致,
胜过骄傲,,删除,比对报告「完全找不到」，不迁移
能力,能力,一致,
脱去旧人,脱去旧人,一致,
膏油,膏油,一致,
膏油涂抹,膏油涂抹,一致,
自由,自由,一致,
至圣所,至圣所,一致,
至宝,至宝,一致,
至宝的基督,至宝的基督,一致,
良心,良心,一致,
节期,节期,一致,
苦难,苦难,一致,
范围,范围,一致,
荣耀,荣耀,一致,
荣耀神,荣耀神,一致,
葡萄树,葡萄树,一致,
蒙光照,蒙光照,一致,
蒙召,蒙召,一致,
蒙头,蒙头,一致,
蒙恩,蒙恩,一致,
蒙神称义,,删除,比对报告「完全找不到」，不迁移
蛇,蛇,一致,
血,血,一致,
行事,行事,一致,
行事为人,行事为人,一致,
行动,行动,一致,
行善,行善,一致,
行政,行政,一致,
表号,表号,一致,
被圣灵充溢,被圣灵充溢,一致,
被圣灵充满,被圣灵充满,一致,
被掳,被掳,一致,
被提,被提,一致,
被真理构成,被真理构成,一致,
被破碎,被破碎,一致,
被神构成,被神构成,一致,
装备,装备,一致,
见证人,见证人,一致,
观念,观念,一致,
规律,规律,一致,
规条,规条,一致,
解经的原则,解经的原则,一致,
计划,计划,一致,
认罪,认罪,一致,
认识,认识,一致,
认识基督,认识基督,一致,
认识身体,认识身体,一致,
讨神喜悦,讨神喜悦,一致,
训练,训练,一致,
试炼,试炼,一致,
试验,试验,一致,
诗歌,诗歌,一致,
话中之水的洗涤,话中之水的洗涤,一致,
话语的供应,话语的供应,一致,
话语的职事,话语的职事,一致,
语言,语言,一致,
说方言,说方言,一致,
诸天的国,诸天的国,一致,
读经,读经,一致,
调和,调和,一致,
调和的灵,调和的灵,一致,
谦让宜人,谦让宜人,一致,
象征,象征,一致,
负担,负担,一致,
财物,财物,一致,
责任,责任,一致,
资格,资格,一致,
赎愆祭,赎愆祭,一致,
赎罪,赎罪,一致,
赎罪祭,赎罪祭,一致,
赏赐,赏赐,一致,
赐生命的灵,赐生命的灵,一致,
赛程,赛程,一致,
赞美,赞美,一致,
赢得基督,赢得基督,一致,
赦免,赦免,一致,
赦罪,赦罪,一致,
起初的爱,起初的爱,一致,
跟随,跟随,一致,
跟随主,跟随主,一致,
路线,路线,一致,
身体,身体,一致,
身体基督,身体基督,一致,
身体得赎,身体得赎,一致,
身体的一,基督身体的一,改名,比对报告「同义但说法不同」
身体的事奉,身体的事奉,一致,
身体的交通,基督身体的交通,改名,比对报告「同义但说法不同」
身体的供应,身体的供应,一致,
身体的原则,身体的原则,一致,
身体的实际,基督身体的实际,改名,比对报告「同义但说法不同」
身体的建造,基督身体的建造,改名,比对报告「同义但说法不同」
身体的异象,基督身体的异象,改名,比对报告「同义但说法不同」
身体的感觉,身体的感觉,一致,
身体的生活,身体的生活,一致,
身体的相调,身体的相调,一致,
身体的约束,身体的约束,一致,
身体的长大,基督身体的长大,改名,比对报告「同义但说法不同」
身分,身分,一致,
转向,转向,一致,
转移时代,转移时代,一致,
运用,运用,一致,
运用灵,运用灵,一致,
运行,运行,一致,
进入,进入,一致,
进入至圣所,进入至圣所,一致,
进取,进取,一致,
追求,追求,一致,
追求基督,追求基督,一致,
追求真理,追求真理,一致,
追测不尽,追测不尽,一致,
选民,选民,一致,
造就,造就,一致,
逼迫,逼迫,一致,
道德,道德,一致,
道理,道理,一致,
遮罪,遮罪,一致,
遵守主的话,遵守主的话,一致,
那灵,那灵,一致,
那灵的剑,那灵的剑,一致,
那灵的圣别,那灵的圣别,一致,
那灵的工作,那灵的工作,一致,
那灵的恩赐,那灵的恩赐,一致,
那灵的浇灌,那灵的浇灌,一致,比对报告「同义」表的新名是带括号词条「那灵的浇灌（圣灵的浇灌）」，拆开后与旧名同名，按规则视为按名直接对应
那灵的象征,那灵的象征,一致,
那灵的身位,那灵的身位,一致,
配偶,配偶,一致,
配合,配合,一致,
配搭,配搭,一致,
释放灵,释放灵,一致,
里面的人,里面的人,一致,
重生,重生,一致,
野心,野心,一致,
金,金,一致,
金灯台,金灯台,一致,
金香坛,金香坛,一致,
钉十字架,钉十字架,一致,
钥匙,钥匙,一致,
铜,铜,一致,
银,银,一致,
锡安,锡安,一致,
长大,长大,一致,
长子,长子,一致,
长老,长老,一致,
长老的职分,长老的职分,一致,
长进,长进,一致,
门徒,门徒,一致,
陈明真理,陈明真理,一致,
降服的意志,,删除,比对报告「完全找不到」，不迁移
隐藏,隐藏,一致,
隐藏的吗哪,隐藏的吗哪,一致,
难处,难处,一致,
集大成,集大成,一致,
青少年工作,青少年工作,一致,
青年,青年,一致,
非拉铁非,非拉铁非,一致,
顶替,顶替,一致,
顺服,顺服,一致,
顾到,顾到,一致,
顾到身体,顾到身体,一致,
顾惜人,顾惜,改名,比对报告「同义但说法不同」
预备,预备,一致,
预备新妇,预备新妇,一致,
预定,预定,一致,
预表,预表,一致,
预言,预言,一致,
预防,预防,一致,
领头,领头,一致,
领导,,删除,比对报告「完全找不到」，不迁移
风波,风波,一致,
食物,食物,一致,
首生者,首生者,一致,
香,香,一致,
骄傲,骄傲,一致,
高峰,高峰,一致,
高峰的真理,高峰的真理,一致,
魂,魂,一致,
魂生命,魂生命,一致,
魂的变化,魂的变化,一致,
魔鬼,魔鬼,一致,
黑暗的权势,黑暗的权势,一致,
鼓励,鼓励,一致,
